{
  "Attack": {
    "cols": 10,
    "dir_count": 8,
    "durations_sec": [
      0.0666666666666667,
      0.133333333333333,
      0.0333333333333333,
      0.0333333333333333,
      0.0333333333333333,
      0.0666666666666667,
      0.0666666666666667,
      0.0666666666666667,
      0.0666666666666667,
      0.133333333333333
    ],
    "durations_ticks": [
      2,
      4,
      1,
      1,
      1,
      2,
      2,
      2,
      2,
      4
    ],
    "frame_h": 80,
    "frame_w": 80,
    "hit_frame": 3,
    "return_frame": 6,
    "rows": 8,
    "rush_frame": 1
  },
  "Charge": {
    "cols": 10,
    "dir_count": 8,
    "durations_sec": [
      0.0666666666666667,
      0.0666666666666667,
      0.0666666666666667,
      0.0666666666666667,
      0.0666666666666667,
      0.0666666666666667,
      0.0666666666666667,
      0.0666666666666667,
      0.0666666666666667,
      0.0666666666666667
    ],
    "durations_ticks": [
      2,
      2,
      2,
      2,
      2,
      2,
      2,
      2,
      2,
      2
    ],
    "frame_h": 40,
    "frame_w": 40,
    "hit_frame": 5,
    "return_frame": 9,
    "rows": 8,
    "rush_frame": -1
  },
  "Cringe": {
    "cols": 2,
    "dir_count": 1,
    "durations_sec": [
      0.0666666666666667,
      0.266666666666667
    ],
    "durations_ticks": [
      2,
      8
    ],
    "frame_h": 64,
    "frame_w": 24,
    "hit_frame": -1,
    "return_frame": -1,
    "rows": 1,
    "rush_frame": -1
  },
  "DeepBreath": {
    "cols": 9,
    "dir_count": 1,
    "durations_sec": [
      0.4,
      0.2,
      0.2,
      0.2,
      0.2,
      0.2,
      0.2,
      0.333333333333333,
      0.133333333333333
    ],
    "durations_ticks": [
      12,
      6,
      6,
      6,
      6,
      6,
      6,
      10,
      4
    ],
    "frame_h": 48,
    "frame_w": 24,
    "hit_frame": -1,
    "return_frame": -1,
    "rows": 1,
    "rush_frame": -1
  },
  "Double": {
    "cols": 16,
    "dir_count": 8,
    "durations_sec": [
      0.0666666666666667,
      0.0666666666666667,
      0.0666666666666667,
      0.0666666666666667,
      0.0666666666666667,
      0.0666666666666667,
      0.1,
      0.1,
      0.1,
      0.0666666666666667,
      0.1,
      0.0666666666666667,
      0.0666666666666667,
      0.0666666666666667,
      0.0666666666666667,
      0.0666666666666667
    ],
    "durations_ticks": [
      2,
      2,
      2,
      2,
      2,
      2,
      3,
      3,
      3,
      2,
      3,
      2,
      2,
      2,
      2,
      2
    ],
    "frame_h": 64,
    "frame_w": 64,
    "hit_frame": -1,
    "return_frame": -1,
    "rows": 8,
    "rush_frame": -1
  },
  "Eat": {
    "cols": 4,
    "dir_count": 1,
    "durations_sec": [
      0.2,
      0.266666666666667,
      0.2,
      0.266666666666667
    ],
    "durations_ticks": [
      6,
      8,
      6,
      8
    ],
    "frame_h": 48,
    "frame_w": 24,
    "hit_frame": -1,
    "return_frame": -1,
    "rows": 1,
    "rush_frame": -1
  },
  "EventSleep": {
    "cols": 2,
    "dir_count": 8,
    "durations_sec": [
      1.0,
      1.16666666666667
    ],
    "durations_ticks": [
      30,
      35
    ],
    "frame_h": 32,
    "frame_w": 24,
    "hit_frame": -1,
    "return_frame": -1,
    "rows": 8,
    "rush_frame": -1
  },
  "Faint": {
    "cols": 4,
    "dir_count": 8,
    "durations_sec": [
      0.266666666666667,
      0.4,
      0.133333333333333,
      0.333333333333333
    ],
    "durations_ticks": [
      8,
      12,
      4,
      10
    ],
    "frame_h": 40,
    "frame_w": 40,
    "hit_frame": -1,
    "return_frame": -1,
    "rows": 8,
    "rush_frame": -1
  },
  "Float": {
    "cols": 4,
    "dir_count": 8,
    "durations_sec": [
      0.3,
      0.6,
      0.3,
      0.466666666666667
    ],
    "durations_ticks": [
      9,
      18,
      9,
      14
    ],
    "frame_h": 32,
    "frame_w": 24,
    "hit_frame": -1,
    "return_frame": -1,
    "rows": 8,
    "rush_frame": -1
  },
  "Head": {
    "cols": 1,
    "dir_count": 8,
    "durations_sec": [
      0.133333333333333
    ],
    "durations_ticks": [
      4
    ],
    "frame_h": 48,
    "frame_w": 24,
    "hit_frame": -1,
    "return_frame": -1,
    "rows": 8,
    "rush_frame": -1
  },
  "HitGround": {
    "cols": 8,
    "dir_count": 1,
    "durations_sec": [
      0.133333333333333,
      0.133333333333333,
      0.133333333333333,
      0.133333333333333,
      0.133333333333333,
      0.2,
      0.133333333333333,
      0.133333333333333
    ],
    "durations_ticks": [
      4,
      4,
      4,
      4,
      4,
      6,
      4,
      4
    ],
    "frame_h": 40,
    "frame_w": 40,
    "hit_frame": -1,
    "return_frame": -1,
    "rows": 1,
    "rush_frame": -1
  },
  "Hop": {
    "cols": 10,
    "dir_count": 8,
    "durations_sec": [
      0.0666666666666667,
      0.0333333333333333,
      0.0666666666666667,
      0.1,
      0.133333333333333,
      0.133333333333333,
      0.1,
      0.0666666666666667,
      0.0333333333333333,
      0.0666666666666667
    ],
    "durations_ticks": [
      2,
      1,
      2,
      3,
      4,
      4,
      3,
      2,
      1,
      2
    ],
    "frame_h": 88,
    "frame_w": 40,
    "hit_frame": 9,
    "return_frame": -1,
    "rows": 8,
    "rush_frame": -1
  },
  "Hurt": {
    "cols": 2,
    "dir_count": 8,
    "durations_sec": [
      0.0666666666666667,
      0.266666666666667
    ],
    "durations_ticks": [
      2,
      8
    ],
    "frame_h": 64,
    "frame_w": 48,
    "hit_frame": -1,
    "return_frame": -1,
    "rows": 8,
    "rush_frame": -1
  },
  "Idle": {
    "cols": 6,
    "dir_count": 8,
    "durations_sec": [
      1.33333333333333,
      0.0666666666666667,
      0.1,
      0.1,
      0.1,
      0.0666666666666667
    ],
    "durations_ticks": [
      40,
      2,
      3,
      3,
      3,
      2
    ],
    "frame_h": 56,
    "frame_w": 40,
    "hit_frame": -1,
    "return_frame": -1,
    "rows": 8,
    "rush_frame": -1
  },
  "Laying": {
    "cols": 1,
    "dir_count": 8,
    "durations_sec": [
      0.4
    ],
    "durations_ticks": [
      12
    ],
    "frame_h": 32,
    "frame_w": 24,
    "hit_frame": -1,
    "return_frame": -1,
    "rows": 8,
    "rush_frame": -1
  },
  "LeapForth": {
    "cols": 5,
    "dir_count": 1,
    "durations_sec": [
      0.2,
      0.0333333333333333,
      0.0666666666666667,
      0.0666666666666667,
      0.0666666666666667
    ],
    "durations_ticks": [
      6,
      1,
      2,
      2,
      2
    ],
    "frame_h": 72,
    "frame_w": 24,
    "hit_frame": -1,
    "return_frame": -1,
    "rows": 1,
    "rush_frame": -1
  },
  "LookUp": {
    "cols": 3,
    "dir_count": 1,
    "durations_sec": [
      0.2,
      0.2,
      0.2
    ],
    "durations_ticks": [
      6,
      6,
      6
    ],
    "frame_h": 40,
    "frame_w": 32,
    "hit_frame": -1,
    "return_frame": -1,
    "rows": 1,
    "rush_frame": -1
  },
  "LostBalance": {
    "cols": 2,
    "dir_count": 1,
    "durations_sec": [
      0.266666666666667,
      0.266666666666667
    ],
    "durations_ticks": [
      8,
      8
    ],
    "frame_h": 40,
    "frame_w": 32,
    "hit_frame": -1,
    "return_frame": -1,
    "rows": 1,
    "rush_frame": -1
  },
  "Nod": {
    "cols": 3,
    "dir_count": 8,
    "durations_sec": [
      0.2,
      0.266666666666667,
      0.2
    ],
    "durations_ticks": [
      6,
      8,
      6
    ],
    "frame_h": 48,
    "frame_w": 32,
    "hit_frame": -1,
    "return_frame": -1,
    "rows": 8,
    "rush_frame": -1
  },
  "Pain": {
    "cols": 12,
    "dir_count": 8,
    "durations_sec": [
      0.133333333333333,
      0.0333333333333333,
      0.0333333333333333,
      0.0333333333333333,
      0.0666666666666667,
      0.0333333333333333,
      0.133333333333333,
      0.0666666666666667,
      0.0666666666666667,
      0.0666666666666667,
      0.0666666666666667,
      0.0666666666666667
    ],