{
  "Attack": {
    "cols": 9,
    "dir_count": 8,
    "durations_sec": [
      0.0333333333333333,
      0.1,
      0.0166666666666667,
      0.0166666666666667,
      0.0333333333333333,
      0.0333333333333333,
      0.0333333333333333,
      0.0333333333333333,
      0.0333333333333333
    ],
    "durations_ticks": [
      2,
      6,
      1,
      1,
      2,
      2,
      2,
      2,
      2
    ],
    "frame_h": 112,
    "frame_w": 88,
    "hit_frame": 2,
    "return_frame": 5,
    "rows": 8,
    "rush_frame": 1
  },
  "Charge": {
    "cols": 10,
    "dir_count": 8,
    "durations_sec": [
      0.0333333333333333,
      0.0333333333333333,
      0.0333333333333333,
      0.0333333333333333,
      0.0333333333333333,
      0.0333333333333333,
      0.0333333333333333,
      0.0333333333333333,
      0.0333333333333333,
      0.0333333333333333
    ],
    "durations_ticks": [
      2,
      2,
      2,
      2,
      2,
      2,
      2,
      2,
      2,
      2
    ],
    "frame_h": 72,
    "frame_w": 56,
    "hit_frame": 5,
    "return_frame": 9,
    "rows": 8,
    "rush_frame": -1
  },
  "Double": {
    "cols": 16,
    "dir_count": 8,
    "durations_sec": [
      0.0333333333333333,
      0.0333333333333333,
      0.0333333333333333,
      0.0333333333333333,
      0.0333333333333333,
      0.0333333333333333,
      0.05,
      0.05,
      0.05,
      0.0333333333333333,
      0.05,
      0.0333333333333333,
      0.0333333333333333,
      0.0333333333333333,
      0.0333333333333333,
      0.0333333333333333
    ],
    "durations_ticks": [
      2,
      2,
      2,
      2,
      2,
      2,
      3,
      3,
      3,
      2,
      3,
      2,
      2,
      2,
      2,
      2
    ],
    "frame_h": 96,
    "frame_w": 80,
    "hit_frame": -1,
    "return_frame": -1,
    "rows": 8,
    "rush_frame": -1
  },
  "Hop": {
    "cols": 10,
    "dir_count": 8,
    "durations_sec": [
      0.0333333333333333,
      0.0166666666666667,
      0.0333333333333333,
      0.05,
      0.0666666666666667,
      0.0666666666666667,
      0.05,
      0.0333333333333333,
      0.0166666666666667,
      0.0333333333333333
    ],
    "durations_ticks": [
      2,
      1,
      2,
      3,
      4,
      4,
      3,
      2,
      1,
      2
    ],
    "frame_h": 120,
    "frame_w": 48,
    "hit_frame": 9,
    "return_frame": -1,
    "rows": 8,
    "rush_frame": -1
  },
  "Hurt": {
    "cols": 2,
    "dir_count": 8,
    "durations_sec": [
      0.0333333333333333,
      0.133333333333333
    ],
    "durations_ticks": [
      2,
      8
    ],
    "frame_h": 88,
    "frame_w": 48,
    "hit_frame": -1,
    "return_frame": -1,
    "rows": 8,
    "rush_frame": -1
  },
  "Idle": {
    "cols": 4,
    "dir_count": 8,
    "durations_sec": [
      0.833333333333333,
      0.15,
      0.3,
      0.15
    ],
    "durations_ticks": [
      50,
      9,
      18,
      9
    ],
    "frame_h": 72,
    "frame_w": 48,
    "hit_frame": -1,
    "return_frame": -1,
    "rows": 8,
    "rush_frame": -1
  },
  "Rotate": {
    "cols": 9,
    "dir_count": 8,
    "durations_sec": [
      0.0333333333333333,
      0.0333333333333333,
      0.0333333333333333,
      0.0333333333333333,
      0.0333333333333333,
      0.0333333333333333,
      0.0333333333333333,
      0.0333333333333333,
      0.0333333333333333
    ],
    "durations_ticks": [
      2,
      2,
      2,
      2,
      2,
      2,
      2,
      2,
      2
    ],
    "frame_h": 72,
    "frame_w": 48,
    "hit_frame": 8,
    "return_frame": -1,
    "rows": 8,
    "rush_frame": -1
  },
  "Shoot": {
    "cols": 15,
    "copy_of": "SpAttack",
    "dir_count": 8,
    "durations_sec": [
      0.0333333333333333,
      0.0333333333333333,
      0.05,
      0.05,
      0.0333333333333333,
      0.1,
      0.0333333333333333,
      0.05,
      0.05,
      0.05,
      0.1,
      0.05,
      0.05,
      0.05,
      0.05
    ],
    "durations_ticks": [
      2,
      2,
      3,
      3,
      2,
      6,
      2,
      3,
      3,
      3,
      6,
      3,
      3,
      3,
      3
    ],
    "frame_h": 80,
    "frame_w": 56,
    "hit_frame": 7,
    "return_frame": 11,
    "rows": 8,
    "rush_frame": -1
  },
  "Sleep": {
    "cols": 2,
    "dir_count": 1,
    "durations_sec": [
      0.5,
      0.583333333333333
    ],
    "durations_ticks": [
      30,
      35
    ],
    "frame_h": 40,
    "frame_w": 48,
    "hit_frame": -1,
    "return_frame": -1,
    "rows": 1,
    "rush_frame": -1
  },
  "SpAttack": {
    "cols": 15,
    "dir_count": 8,
    "durations_sec": [
      0.0333333333333333,
      0.0333333333333333,
      0.05,
      0.05,
      0.0333333333333333,
      0.1,
      0.0333333333333333,
      0.05,
      0.05,
      0.05,
      0.1,
      0.05,
      0.05,
      0.05,
      0.05
    ],
    "durations_ticks": [
      2,
      2,
      3,
      3,
      2,
      6,
      2,
      3,
      3,
      3,
      6,
      3,
      3,
      3,
      3
    ],
    "frame_h": 80,
    "frame_w": 56,
    "hit_frame": 7,
    "return_frame": 11,
    "rows": 8,
    "rush_frame": -1
  },
  "Strike": {
    "cols": 9,
    "dir_count": 8,
    "durations_sec": [
      0.0333333333333333,
      0.1,
      0.0166666666666667,
      0.0333333333333333,
      0.0333333333333333,
      0.0333333333333333,
      0.0333333333333333,
      0.0333333333333333,
      0.0333333333333333
    ],
    "durations_ticks": [
      2,
      6,
      1,
      2,
      2,
      2,
      2,
      2,
      2
    ],
    "frame_h": 112,
    "frame_w": 96,
    "hit_frame": 3,
    "return_frame": 5,
    "rows": 8,
    "rush_frame": 1
  },
  "Swing": {
    "cols": 9,
    "dir_count": 8,
    "durations_sec": [
      0.0333333333333333,
      0.0166666666666667,
      0.0333333333333333,
      0.0333333333333333,
      0.05,
      0.0333333333333333,
      0.0333333333333333,
      0.0166666666666667,
      0.0166666666666667
    ],
    "durations_ticks": [
      2,
      1,
      2,
      2,
      3,
      2,
      2,
      1,
      1
    ],
    "frame_h": 112,
    "frame_w": 88,
    "hit_frame": 5,
    "return_frame": 5,
    "rows": 8,
    "rush_frame": -1
  },
  "Walk": {
    "cols": 4,
    "dir_count": 8,
    "durations_sec": [
      0.133333333333333,
      0.166666666666667,
      0.133333333333333,
      0.166666666666667
    ],
    "durations_ticks": [
      8,
      10,
      8,
      10
    ],
    "frame_h": 72,
    "frame_w": 48,
    "hit_frame": -1,
    "return_frame": -1,
    "rows": 8,
    "rush_frame": -1
  }
}