{
  "Attack": {
    "cols": 14,
    "dir_count": 8,
    "durations_sec": [
      0.0666666666666667,
      0.0666666666666667,
      0.2,
      0.0333333333333333,
      0.0666666666666667,
      0.0666666666666667,
      0.0666666666666667,
      0.0666666666666667,
      0.0666666666666667,
      0.0666666666666667,
      0.0666666666666667,
      0.0666666666666667,
      0.0666666666666667,
      0.0666666666666667
    ],
    "durations_ticks": [
      2,
      2,
      6,
      1,
      2,
      2,
      2,
      2,
      2,
      2,
      2,
      2,
      2,
      2
    ],
    "frame_h": 96,
    "frame_w": 72,
    "hit_frame": 2,
    "return_frame": 7,
    "rows": 8,
    "rush_frame": 1
  },
  "Charge": {
    "cols": 10,
    "dir_count": 8,
    "durations_sec": [
      0.0666666666666667,
      0.0666666666666667,
      0.0666666666666667,
      0.0666666666666667,
      0.0666666666666667,
      0.0666666666666667,
      0.0666666666666667,
      0.0666666666666667,
      0.0666666666666667,
      0.0666666666666667
    ],
    "durations_ticks": [
      2,
      2,
      2,
      2,
      2,
      2,
      2,
      2,
      2,
      2
    ],
    "frame_h": 64,
    "frame_w": 32,
    "hit_frame": 5,
    "return_frame": 9,
    "rows": 8,
    "rush_frame": -1
  },
  "Double": {
    "cols": 16,
    "dir_count": 8,
    "durations_sec": [
      0.0666666666666667,
      0.0666666666666667,
      0.0666666666666667,
      0.0666666666666667,
      0.0666666666666667,
      0.0666666666666667,
      0.1,
      0.1,
      0.1,
      0.0666666666666667,
      0.1,
      0.0666666666666667,
      0.0666666666666667,
      0.0666666666666667,
      0.0666666666666667,
      0.0666666666666667
    ],
    "durations_ticks": [
      2,
      2,
      2,
      2,
      2,
      2,
      3,
      3,
      3,
      2,
      3,
      2,
      2,
      2,
      2,
      2
    ],
    "frame_h": 88,
    "frame_w": 64,
    "hit_frame": -1,
    "return_frame": -1,
    "rows": 8,
    "rush_frame": -1
  },
  "Hop": {
    "cols": 10,
    "dir_count": 8,
    "durations_sec": [
      0.0666666666666667,
      0.0333333333333333,
      0.0666666666666667,
      0.1,
      0.133333333333333,
      0.133333333333333,
      0.1,
      0.0666666666666667,
      0.0333333333333333,
      0.0666666666666667
    ],
    "durations_ticks": [
      2,
      1,
      2,
      3,
      4,
      4,
      3,
      2,
      1,
      2
    ],
    "frame_h": 120,
    "frame_w": 40,
    "hit_frame": 9,
    "return_frame": -1,
    "rows": 8,
    "rush_frame": -1
  },
  "Hurt": {
    "cols": 2,
    "dir_count": 8,
    "durations_sec": [
      0.0666666666666667,
      0.266666666666667
    ],
    "durations_ticks": [
      2,
      8
    ],
    "frame_h": 72,
    "frame_w": 48,
    "hit_frame": -1,
    "return_frame": -1,
    "rows": 8,
    "rush_frame": -1
  },
  "Idle": {
    "cols": 7,
    "dir_count": 8,
    "durations_sec": [
      0.4,
      0.333333333333333,
      0.3,
      0.3,
      0.4,
      0.333333333333333,
      0.3
    ],
    "durations_ticks": [
      12,
      10,
      9,
      9,
      12,
      10,
      9
    ],
    "frame_h": 72,
    "frame_w": 40,
    "hit_frame": -1,
    "return_frame": -1,
    "rows": 8,
    "rush_frame": -1
  },
  "Pose": {
    "cols": 3,
    "dir_count": 8,
    "durations_sec": [
      0.4,
      0.0666666666666667,
      0.266666666666667
    ],
    "durations_ticks": [
      12,
      2,
      8
    ],
    "frame_h": 64,
    "frame_w": 32,
    "hit_frame": -1,
    "return_frame": -1,
    "rows": 8,
    "rush_frame": -1
  },
  "Rotate": {
    "cols": 9,
    "dir_count": 8,
    "durations_sec": [
      0.0666666666666667,
      0.0666666666666667,
      0.0666666666666667,
      0.0666666666666667,
      0.0666666666666667,
      0.0666666666666667,
      0.0666666666666667,
      0.0666666666666667,
      0.0666666666666667
    ],
    "durations_ticks": [
      2,
      2,
      2,
      2,
      2,
      2,
      2,
      2,
      2
    ],
    "frame_h": 64,
    "frame_w": 32,
    "hit_frame": 8,
    "return_frame": -1,
    "rows": 8,
    "rush_frame": -1
  },
  "Shock": {
    "cols": 13,
    "dir_count": 8,
    "durations_sec": [
      0.266666666666667,
      0.0333333333333333,
      0.0333333333333333,
      0.0333333333333333,
      0.0333333333333333,
      0.0333333333333333,
      0.0333333333333333,
      0.0333333333333333,
      0.0333333333333333,
      0.0333333333333333,
      0.0333333333333333,
      0.0333333333333333,
      0.0333333333333333
    ],
    "durations_ticks": [
      8,
      1,
      1,
      1,
      1,
      1,
      1,
      1,
      1,
      1,
      1,
      1,
      1
    ],
    "frame_h": 80,
    "frame_w": 56,
    "hit_frame": 6,
    "return_frame": 10,
    "rows": 8,
    "rush_frame": -1
  },
  "Shoot": {
    "cols": 12,
    "dir_count": 8,
    "durations_sec": [
      0.0666666666666667,
      0.0666666666666667,
      0.2,
      0.0333333333333333,
      0.0666666666666667,
      0.0666666666666667,
      0.0666666666666667,
      0.0666666666666667,
      0.0666666666666667,
      0.0666666666666667,
      0.0666666666666667,
      0.0666666666666667
    ],
    "durations_ticks": [
      2,
      2,
      6,
      1,
      2,
      2,
      2,
      2,
      2,
      2,
      2,
      2
    ],
    "frame_h": 64,
    "frame_w": 40,
    "hit_frame": 2,
    "return_frame": 5,
    "rows": 8,
    "rush_frame": -1
  },
  "Sleep": {
    "cols": 8,
    "dir_count": 1,
    "durations_sec": [
      0.266666666666667,
      0.266666666666667,
      0.266666666666667,
      0.4,
      0.266666666666667,
      0.266666666666667,
      0.266666666666667,
      0.4
    ],
    "durations_ticks": [
      8,
      8,
      8,
      12,
      8,
      8,
      8,
      12
    ],
    "frame_h": 64,
    "frame_w": 32,
    "hit_frame": -1,
    "return_frame": -1,
    "rows": 1,
    "rush_frame": -1
  },
  "Swing": {
    "cols": 9,
    "dir_count": 8,
    "durations_sec": [
      0.0666666666666667,
      0.0333333333333333,
      0.0666666666666667,
      0.0666666666666667,
      0.1,
      0.0666666666666667,
      0.0666666666666667,
      0.0333333333333333,
      0.0333333333333333
    ],
    "durations_ticks": [
      2,
      1,
      2,
      2,
      3,
      2,
      2,
      1,
      1
    ],
    "frame_h": 104,
    "frame_w": 88,
    "hit_frame": 5,
    "return_frame": 5,
    "rows": 8,
    "rush_frame": -1
  },
  "Walk": {
    "cols": 8,
    "dir_count": 8,
    "durations_sec": [
      0.333333333333333,
      0.333333333333333,
      0.2,
      0.2,
      0.333333333333333,
      0.333333333333333,
      0.2,
      0.2
    ],
    "durations_ticks": [
      10,
      10,
      6,
      6,
      10,
      10,
      6,
      6
    ],
    "frame_h": 72,
    "frame_w": 32,
    "hit_frame": -1,
    "return_frame": -1,
    "rows": 8,
    "rush_frame": -1
  }
}