{
  "Attack": {
    "cols": 11,
    "dir_count": 8,
    "durations_sec": [
      0.0666666666666667,
      0.0666666666666667,
      0.2,
      0.0333333333333333,
      0.0333333333333333,
      0.0333333333333333,
      0.0666666666666667,
      0.133333333333333,
      0.1,
      0.0666666666666667,
      0.0666666666666667
    ],
    "durations_ticks": [
      2,
      2,
      6,
      1,
      1,
      1,
      2,
      4,
      3,
      2,
      2
    ],
    "frame_h": 104,
    "frame_w": 80,
    "hit_frame": 2,
    "return_frame": 6,
    "rows": 8,
    "rush_frame": 1
  },
  "Charge": {
    "cols": 10,
    "dir_count": 8,
    "durations_sec": [
      0.0666666666666667,
      0.0666666666666667,
      0.0666666666666667,
      0.0666666666666667,
      0.0666666666666667,
      0.0666666666666667,
      0.0666666666666667,
      0.0666666666666667,
      0.0666666666666667,
      0.0666666666666667
    ],
    "durations_ticks": [
      2,
      2,
      2,
      2,
      2,
      2,
      2,
      2,
      2,
      2
    ],
    "frame_h": 80,
    "frame_w": 32,
    "hit_frame": 5,
    "return_frame": 9,
    "rows": 8,
    "rush_frame": -1
  },
  "Double": {
    "cols": 16,
    "dir_count": 8,
    "durations_sec": [
      0.0666666666666667,
      0.0666666666666667,
      0.0666666666666667,
      0.0666666666666667,
      0.0666666666666667,
      0.0666666666666667,
      0.1,
      0.1,
      0.1,
      0.0666666666666667,
      0.1,
      0.0666666666666667,
      0.0666666666666667,
      0.0666666666666667,
      0.0666666666666667,
      0.0666666666666667
    ],
    "durations_ticks": [
      2,
      2,
      2,
      2,
      2,
      2,
      3,
      3,
      3,
      2,
      3,
      2,
      2,
      2,
      2,
      2
    ],
    "frame_h": 96,
    "frame_w": 72,
    "hit_frame": -1,
    "return_frame": -1,
    "rows": 8,
    "rush_frame": -1
  },
  "Hop": {
    "cols": 10,
    "dir_count": 8,
    "durations_sec": [
      0.0666666666666667,
      0.0333333333333333,
      0.0666666666666667,
      0.1,
      0.133333333333333,
      0.133333333333333,
      0.1,
      0.0666666666666667,
      0.0333333333333333,
      0.0666666666666667
    ],
    "durations_ticks": [
      2,
      1,
      2,
      3,
      4,
      4,
      3,
      2,
      1,
      2
    ],
    "frame_h": 120,
    "frame_w": 32,
    "hit_frame": 9,
    "return_frame": -1,
    "rows": 8,
    "rush_frame": -1
  },
  "Hurt": {
    "cols": 2,
    "dir_count": 8,
    "durations_sec": [
      0.0666666666666667,
      0.266666666666667
    ],
    "durations_ticks": [
      2,
      8
    ],
    "frame_h": 96,
    "frame_w": 48,
    "hit_frame": -1,
    "return_frame": -1,
    "rows": 8,
    "rush_frame": -1
  },
  "Idle": {
    "cols": 7,
    "dir_count": 8,
    "durations_sec": [
      0.666666666666667,
      0.2,
      0.2,
      0.666666666666667,
      0.2,
      0.2,
      0.2
    ],
    "durations_ticks": [
      20,
      6,
      6,
      20,
      6,
      6,
      6
    ],
    "frame_h": 80,
    "frame_w": 40,
    "hit_frame": -1,
    "return_frame": -1,
    "rows": 8,
    "rush_frame": -1
  },
  "QuickStrike": {
    "cols": 13,
    "dir_count": 8,
    "durations_sec": [
      0.0666666666666667,
      0.0666666666666667,
      0.2,
      0.0333333333333333,
      0.0333333333333333,
      0.0333333333333333,
      0.0333333333333333,
      0.0333333333333333,
      0.0666666666666667,
      0.133333333333333,
      0.1,
      0.0666666666666667,
      0.0666666666666667
    ],
    "durations_ticks": [
      2,
      2,
      6,
      1,
      1,
      1,
      1,
      1,
      2,
      4,
      3,
      2,
      2
    ],
    "frame_h": 152,
    "frame_w": 128,
    "hit_frame": 2,
    "return_frame": 8,
    "rows": 8,
    "rush_frame": -1
  },
  "RearUp": {
    "cols": 13,
    "dir_count": 8,
    "durations_sec": [
      0.0666666666666667,
      0.0666666666666667,
      0.1,
      0.133333333333333,
      0.0666666666666667,
      0.0666666666666667,
      0.0666666666666667,
      0.0666666666666667,
      0.0666666666666667,
      0.133333333333333,
      0.1,
      0.0666666666666667,
      0.0666666666666667
    ],
    "durations_ticks": [
      2,
      2,
      3,
      4,
      2,
      2,
      2,
      2,
      2,
      4,
      3,
      2,
      2
    ],
    "frame_h": 96,
    "frame_w": 48,
    "hit_frame": 0,
    "return_frame": 4,
    "rows": 8,
    "rush_frame": -1
  },
  "Rotate": {
    "cols": 9,
    "dir_count": 8,
    "durations_sec": [
      0.0666666666666667,
      0.0666666666666667,
      0.0666666666666667,
      0.0666666666666667,
      0.0666666666666667,
      0.0666666666666667,
      0.0666666666666667,
      0.0666666666666667,
      0.0666666666666667
    ],
    "durations_ticks": [
      2,
      2,
      2,
      2,
      2,
      2,
      2,
      2,
      2
    ],
    "frame_h": 72,
    "frame_w": 32,
    "hit_frame": 8,
    "return_frame": -1,
    "rows": 8,
    "rush_frame": -1
  },
  "Shoot": {
    "cols": 24,
    "dir_count": 8,
    "durations_sec": [
      0.0666666666666667,
      0.0666666666666667,
      0.0666666666666667,
      0.0666666666666667,
      0.0666666666666667,
      0.0666666666666667,
      0.0333333333333333,
      0.0333333333333333,
      0.0333333333333333,
      0.0333333333333333,
      0.0333333333333333,
      0.0333333333333333,
      0.0333333333333333,
      0.0333333333333333,
      0.0333333333333333,
      0.0333333333333333,
      0.0333333333333333,
      0.0333333333333333,
      0.0333333333333333,
      0.0333333333333333,
      0.0333333333333333,
      0.0333333333333333,
      0.0333333333333333,
      0.0333333333333333
    ],
    "durations_ticks": [
      2,
      2,
      2,
      2,
      2,
      2,
      1,
      1,
      1,
      1,
      1,
      1,
      1,
      1,
      1,
      1,
      1,
      1,
      1,
      1,
      1,
      1,
      1,
      1
    ],
    "frame_h": 80,
    "frame_w": 32,
    "hit_frame": 2,
    "return_frame": 9,
    "rows": 8,
    "rush_frame": -1
  },
  "Sleep": {
    "cols": 2,
    "dir_count": 1,
    "durations_sec": [
      1.0,
      1.16666666666667
    ],
    "durations_ticks": [
      30,
      35
    ],
    "frame_h": 48,
    "frame_w": 32,
    "hit_frame": -1,
    "return_frame": -1,
    "rows": 1,
    "rush_frame": -1
  },
  "Special0": {
    "cols": 4,
    "dir_count": 1,
    "durations_sec": [
      0.133333333333333,
      0.0666666666666667,
      0.0666666666666667,
      0.133333333333333
    ],
    "durations_ticks": [
      4,
      2,
      2,
      4
    ],
    "frame_h": 80,
    "frame_w": 32,
    "hit_frame": -1,
    "return_frame": -1,
    "rows": 1,
    "rush_frame": -1
  },
  "Special1": {
    "cols": 4,
    "dir_count": 1,
    "durations_sec": [
      0.533333333333333,
      0.333333333333333,
      0.533333333333333,
      0.333333333333333
    ],
    "durations_ticks": [
      16,
      10,
      16,
      10
    ],
    "frame_h": 72,
    "frame_w": 32,
    "hit_frame": -1,
    "return_frame": -1,
    "rows": 1,
    "rush_frame": -1
  },
  "Special2": {
    "cols": 4,
    "dir_count": 1,
    "durations_sec": [
      0.8,
      0.4,
      0.533333333333333,
      0.4
    ],
    "durations_ticks": [
      24,
      12,
      16,
      12
    ],
    "frame_h": 64,
    "frame_w": 32,
    "hit_frame": -1,
    "return_frame": -1,
    "rows": 1,
    "rush_frame": -1
  },
  "Special20": {
    "cols": 8,
    "dir_count": 8,
    "durations_sec": [
      0.133333333333333,
      0.2,
      0.133333333333333,
      0.2,
      0.133333333333333,
      0.2,
      0.133333333333333,
      0.2
    ],
    "durations_ticks": [
      4,
      6,
      4,
      6,
      4,
      6,
      4,
      6
    ],
    "frame_h": 64,
    "frame_w": 40,
    "hit_frame": -1,
    "return_frame": -1,
    "rows": 8,
    "rush_frame": -1
  },
  "Swing": {
    "cols": 9,
    "dir_count": 8,