{
  "Idle": {
    "cols": 1,
    "dir_count": 8,
    "durations_sec": [
      0.266666666666667
    ],
    "durations_ticks": [
      8
    ],
    "frame_h": 192,
    "frame_w": 168,
    "hit_frame": -1,
    "return_frame": -1,
    "rows": 8,
    "rush_frame": -1
  },
  "Rotate": {
    "cols": 9,
    "dir_count": 8,
    "durations_sec": [
      0.0666666666666667,
      0.0666666666666667,
      0.0666666666666667,
      0.0666666666666667,
      0.0666666666666667,
      0.0666666666666667,
      0.0666666666666667,
      0.0666666666666667,
      0.0666666666666667
    ],
    "durations_ticks": [
      2,
      2,
      2,
      2,
      2,
      2,
      2,
      2,
      2
    ],
    "frame_h": 192,
    "frame_w": 168,
    "hit_frame": 8,
    "return_frame": -1,
    "rows": 8,
    "rush_frame": -1
  }
}