{
  "Attack": {
    "cols": 11,
    "dir_count": 8,
    "durations_sec": [
      0.133333333333333,
      0.0666666666666667,
      0.133333333333333,
      0.0666666666666667,
      0.0666666666666667,
      0.0666666666666667,
      0.0666666666666667,
      0.0666666666666667,
      0.0666666666666667,
      0.0666666666666667,
      0.133333333333333
    ],
    "durations_ticks": [
      4,
      2,
      4,
      2,
      2,
      2,
      2,
      2,
      2,
      2,
      4
    ],
    "frame_h": 72,
    "frame_w": 72,
    "hit_frame": 5,
    "return_frame": 7,
    "rows": 8,
    "rush_frame": 2
  },
  "Charge": {
    "cols": 10,
    "dir_count": 8,
    "durations_sec": [
      0.0666666666666667,
      0.0666666666666667,
      0.0666666666666667,
      0.0666666666666667,
      0.0666666666666667,
      0.0666666666666667,
      0.0666666666666667,
      0.0666666666666667,
      0.0666666666666667,
      0.0666666666666667
    ],
    "durations_ticks": [
      2,
      2,
      2,
      2,
      2,
      2,
      2,
      2,
      2,
      2
    ],
    "frame_h": 40,
    "frame_w": 32,
    "hit_frame": 5,
    "return_frame": 9,
    "rows": 8,
    "rush_frame": -1
  },
  "Double": {
    "cols": 16,
    "dir_count": 8,
    "durations_sec": [
      0.0666666666666667,
      0.0666666666666667,
      0.0666666666666667,
      0.0666666666666667,
      0.0666666666666667,
      0.0666666666666667,
      0.1,
      0.1,
      0.1,
      0.0666666666666667,
      0.1,
      0.0666666666666667,
      0.0666666666666667,
      0.0666666666666667,
      0.0666666666666667,
      0.0666666666666667
    ],
    "durations_ticks": [
      2,
      2,
      2,
      2,
      2,
      2,
      3,
      3,
      3,
      2,
      3,
      2,
      2,
      2,
      2,
      2
    ],
    "frame_h": 64,
    "frame_w": 56,
    "hit_frame": -1,
    "return_frame": -1,
    "rows": 8,
    "rush_frame": -1
  },
  "Hop": {
    "cols": 10,
    "dir_count": 8,
    "durations_sec": [
      0.0666666666666667,
      0.0333333333333333,
      0.0666666666666667,
      0.1,
      0.133333333333333,
      0.133333333333333,
      0.1,
      0.0666666666666667,
      0.0333333333333333,
      0.0666666666666667
    ],
    "durations_ticks": [
      2,
      1,
      2,
      3,
      4,
      4,
      3,
      2,
      1,
      2
    ],
    "frame_h": 80,
    "frame_w": 40,
    "hit_frame": 9,
    "return_frame": -1,
    "rows": 8,
    "rush_frame": -1
  },
  "Hurt": {
    "cols": 2,
    "dir_count": 8,
    "durations_sec": [
      0.0666666666666667,
      0.266666666666667
    ],
    "durations_ticks": [
      2,
      8
    ],
    "frame_h": 48,
    "frame_w": 48,
    "hit_frame": -1,
    "return_frame": -1,
    "rows": 8,
    "rush_frame": -1
  },
  "Idle": {
    "cols": 4,
    "dir_count": 8,
    "durations_sec": [
      1.0,
      0.533333333333333,
      0.4,
      0.533333333333333
    ],
    "durations_ticks": [
      30,
      16,
      12,
      16
    ],
    "frame_h": 32,
    "frame_w": 32,
    "hit_frame": -1,
    "return_frame": -1,
    "rows": 8,
    "rush_frame": -1
  },
  "Rotate": {
    "cols": 9,
    "dir_count": 8,
    "durations_sec": [
      0.0666666666666667,
      0.0666666666666667,
      0.0666666666666667,
      0.0666666666666667,
      0.0666666666666667,
      0.0666666666666667,
      0.0666666666666667,
      0.0666666666666667,
      0.0666666666666667
    ],
    "durations_ticks": [
      2,
      2,
      2,
      2,
      2,
      2,
      2,
      2,
      2
    ],
    "frame_h": 40,
    "frame_w": 32,
    "hit_frame": 8,
    "return_frame": -1,
    "rows": 8,
    "rush_frame": -1
  },
  "Shake": {
    "cols": 6,
    "dir_count": 8,
    "durations_sec": [
      0.2,
      0.2,
      0.2,
      0.2,
      0.2,
      0.2
    ],
    "durations_ticks": [
      6,
      6,
      6,
      6,
      6,
      6
    ],
    "frame_h": 40,
    "frame_w": 40,
    "hit_frame": 2,
    "return_frame": -1,
    "rows": 8,
    "rush_frame": -1
  },
  "Shoot": {
    "cols": 6,
    "dir_count": 8,
    "durations_sec": [
      0.4,
      0.133333333333333,
      0.133333333333333,
      0.133333333333333,
      0.0666666666666667,
      0.0666666666666667
    ],
    "durations_ticks": [
      12,
      4,
      4,
      4,
      2,
      2
    ],
    "frame_h": 40,
    "frame_w": 40,
    "hit_frame": 2,
    "return_frame": 4,
    "rows": 8,
    "rush_frame": -1
  },
  "Sleep": {
    "cols": 2,
    "dir_count": 1,
    "durations_sec": [
      1.0,
      1.16666666666667
    ],
    "durations_ticks": [
      30,
      35
    ],
    "frame_h": 32,
    "frame_w": 32,
    "hit_frame": -1,
    "return_frame": -1,
    "rows": 1,
    "rush_frame": -1
  },
  "Swing": {
    "cols": 9,
    "dir_count": 8,
    "durations_sec": [
      0.0666666666666667,
      0.0333333333333333,
      0.0666666666666667,
      0.0666666666666667,
      0.1,
      0.0666666666666667,
      0.0666666666666667,
      0.0333333333333333,
      0.0333333333333333
    ],
    "durations_ticks": [
      2,
      1,
      2,
      2,
      3,
      2,
      2,
      1,
      1
    ],
    "frame_h": 72,
    "frame_w": 72,
    "hit_frame": 5,
    "return_frame": 5,
    "rows": 8,
    "rush_frame": -1
  },
  "Walk": {
    "cols": 4,
    "dir_count": 8,
    "durations_sec": [
      0.266666666666667,
      0.533333333333333,
      0.266666666666667,
      0.533333333333333
    ],
    "durations_ticks": [
      8,
      16,
      8,
      16
    ],
    "frame_h": 32,
    "frame_w": 32,
    "hit_frame": -1,
    "return_frame": -1,
    "rows": 8,
    "rush_frame": -1
  }
}